"DB","operation","table","size","attributes","runtime (ns)","size","compresed"
"Postgres","insert","length","10","10","709826600"
"Postgres","insert","length","10","10","765856000"
"Postgres","insert","length","10","10","702648600"
"Postgres","insert","length","10","10","657337100"
"Postgres","insert","length","10","10","699106400"
"Postgres","insert","length","10","10","715709000"
"Postgres","insert","length","10","10","755990400"
"Postgres","insert","length","10","10","697723300"
"Postgres","insert","length","10","10","711518900"
"Postgres","insert","length","10","10","670061500"
"Postgres","insert","length","10","10","800531900"
"Postgres","insert","length","10","10","714698200"
"Postgres","insert","length","10","10","666228100"
"Postgres","insert","length","10","10","700382600"
"Postgres","insert","length","10","10","692779800"
"Postgres","insert","length","10","10","660772700"
"Postgres","insert","length","10","10","721548400"
"Postgres","insert","length","10","10","629503800"
"Postgres","insert","length","10","10","636006500"
"Postgres","insert","length","10","10","741778400"
"Postgres","insert","length","10","10","711865300"
"Postgres","insert","length","10","10","669570100"
"Postgres","insert","length","10","10","642734200"
"Postgres","insert","length","10","10","702888900"
"Postgres","insert","length","10","10","801513300"
"Postgres","insert","length","10","10","695968900"
"Postgres","insert","length","10","10","647351600"
"Postgres","insert","length","10","10","905133700"
"Postgres","insert","length","10","10","619188300"
"Postgres","insert","length","10","10","917952300"
"Postgres","insert","length","10","10","912648800"
"Postgres","insert","length","10","10","1326773700"
"Postgres","insert","length","10","10","1371674200"
"Postgres","insert","length","10","10","1386245100"
"Postgres","insert","length","10","10","1346399700"
"Postgres","insert","length","10","10","1351039300"
"Postgres","insert","length","10","10","1394064500"
"Postgres","insert","length","10","10","1277603100"
"Postgres","insert","length","10","10","828036300"
"Postgres","insert","length","10","10","845703900"
"Postgres","insert","length","10","10","708810700"
"Postgres","insert","length","10","10","873432900"
"Postgres","insert","length","10","10","697194800"
"Postgres","insert","length","10","10","689589400"
"Postgres","insert","length","10","10","809369300"
"Postgres","insert","length","10","10","914345800"
"Postgres","insert","length","10","10","689282800"
"Postgres","insert","length","10","10","858896400"
"Postgres","insert","length","10","10","994314400"
"Postgres","insert","length","10","10","819037500"
"Postgres","insert","length","10","10","1051867300"
"Postgres","insert","length","10","10","1180502400"
"Postgres","insert","length","10","10","810757900"
"Postgres","insert","length","10","10","1006026600"
"Postgres","insert","length","10","10","784861100"
"Postgres","insert","length","10","10","762557500"
"Postgres","insert","length","10","10","682112900"
"Postgres","insert","length","10","10","794873000"
"Postgres","insert","length","10","10","741811000"
"Postgres","insert","length","10","10","750323200"
"Postgres","insert","length","10","10","913125700"
"Postgres","insert","length","10","10","655334600"
"Postgres","insert","length","10","10","736926200"
"Postgres","insert","length","10","10","857647000"
"Postgres","insert","length","10","10","625105500"
"Postgres","insert","length","10","10","775067300"
"Postgres","insert","length","10","10","839278500"
"Postgres","insert","length","10","10","682272800"
"Postgres","insert","length","10","10","745728700"
"Postgres","insert","length","10","10","1018632600"
"Postgres","insert","length","10","10","903784600"
"Postgres","insert","length","10","10","980939000"
"Postgres","insert","length","10","10","796903200"
"Postgres","insert","length","10","10","698269900"
"Postgres","insert","length","10","10","1102007200"
"Postgres","insert","length","10","10","976224800"
"Postgres","insert","length","10","10","698012000"
"Postgres","insert","length","10","10","718879800"
"Postgres","insert","length","10","10","755119100"
"Postgres","insert","length","10","10","717410300"
"Postgres","insert","length","10","10","738741800"
"Postgres","insert","length","10","10","740887700"
"Postgres","insert","length","10","10","715088600"
"Postgres","insert","length","10","10","744743000"
"Postgres","insert","length","10","10","801309100"
"Postgres","insert","length","10","10","696817500"
"Postgres","insert","length","10","10","767304500"
"Postgres","insert","length","10","10","812259400"
"Postgres","insert","length","10","10","701611300"
"Postgres","insert","length","10","10","739510400"
"Postgres","insert","length","10","10","843244200"
"Postgres","insert","length","10","10","693345800"
"Postgres","insert","length","10","10","711972300"
"Postgres","insert","length","10","10","1030578700"
"Postgres","insert","length","10","10","695990200"
"Postgres","insert","length","10","10","712220600"
"Postgres","insert","length","10","10","615557500"
"Postgres","insert","length","10","10","648222200"
"Postgres","insert","length","10","10","726465800"
"Postgres","insert","length","10","10","716896000"
"Mongo","size","length","10","10","","0","0"
"Postgres","size","length","10","10","","1170612224"
"Postgres","insert","length","20","10","727255100"
"Postgres","insert","length","20","10","682466200"
"Postgres","insert","length","20","10","695871200"
"Postgres","insert","length","20","10","625475700"
"Postgres","insert","length","20","10","728176500"
"Postgres","insert","length","20","10","733328700"
"Postgres","insert","length","20","10","722913000"
"Postgres","insert","length","20","10","756422600"
"Postgres","insert","length","20","10","692072000"
"Postgres","insert","length","20","10","635577900"
"Postgres","insert","length","20","10","695551800"
"Postgres","insert","length","20","10","662708100"
"Postgres","insert","length","20","10","732158800"
"Postgres","insert","length","20","10","664816400"
"Postgres","insert","length","20","10","656481600"
"Postgres","insert","length","20","10","673549500"
"Postgres","insert","length","20","10","612005900"
"Postgres","insert","length","20","10","688304100"
"Postgres","insert","length","20","10","696223500"
"Postgres","insert","length","20","10","640923400"
"Postgres","insert","length","20","10","740948300"
"Postgres","insert","length","20","10","711430300"
"Postgres","insert","length","20","10","751459500"
"Postgres","insert","length","20","10","667338100"
"Postgres","insert","length","20","10","643738900"
"Postgres","insert","length","20","10","700058800"
"Postgres","insert","length","20","10","727149800"
"Postgres","insert","length","20","10","722117900"
"Postgres","insert","length","20","10","781533800"
"Postgres","insert","length","20","10","670201300"
"Postgres","insert","length","20","10","727570500"
"Postgres","insert","length","20","10","600551800"
"Postgres","insert","length","20","10","830055100"
"Postgres","insert","length","20","10","684711200"
"Postgres","insert","length","20","10","712491500"
"Postgres","insert","length","20","10","786896500"
"Postgres","insert","length","20","10","655086000"
"Postgres","insert","length","20","10","678293300"
"Postgres","insert","length","20","10","694862000"
"Postgres","insert","length","20","10","773454200"
"Postgres","insert","length","20","10","649132900"
"Postgres","insert","length","20","10","675508400"
"Postgres","insert","length","20","10","721161700"
"Postgres","insert","length","20","10","705726800"
"Postgres","insert","length","20","10","648711700"
"Postgres","insert","length","20","10","695451900"
"Postgres","insert","length","20","10","670530500"
"Postgres","insert","length","20","10","719218000"
"Postgres","insert","length","20","10","610332300"
"Postgres","insert","length","20","10","717178300"
"Postgres","insert","length","20","10","760422800"
"Postgres","insert","length","20","10","729672800"
"Postgres","insert","length","20","10","723893500"
"Postgres","insert","length","20","10","705707000"
"Postgres","insert","length","20","10","677429200"
"Postgres","insert","length","20","10","668257100"
"Postgres","insert","length","20","10","669178000"
"Postgres","insert","length","20","10","721224500"
"Postgres","insert","length","20","10","721852200"
"Postgres","insert","length","20","10","679254200"
"Postgres","insert","length","20","10","651344100"
"Postgres","insert","length","20","10","693543200"
"Postgres","insert","length","20","10","735070700"
"Postgres","insert","length","20","10","725174000"
"Postgres","insert","length","20","10","913121900"
"Postgres","insert","length","20","10","768856000"
"Postgres","insert","length","20","10","720316000"
"Postgres","insert","length","20","10","678167300"
"Postgres","insert","length","20","10","776460100"
"Postgres","insert","length","20","10","667751100"
"Postgres","insert","length","20","10","715280300"
"Postgres","insert","length","20","10","726579900"
"Postgres","insert","length","20","10","680963600"
"Postgres","insert","length","20","10","796924100"
"Postgres","insert","length","20","10","681909500"
"Postgres","insert","length","20","10","676517400"
"Postgres","insert","length","20","10","780442100"
"Postgres","insert","length","20","10","720180400"
"Postgres","insert","length","20","10","674861300"
"Postgres","insert","length","20","10","742180200"
"Postgres","insert","length","20","10","753148100"
"Postgres","insert","length","20","10","751191700"
"Postgres","insert","length","20","10","799975600"
"Postgres","insert","length","20","10","790331500"
"Postgres","insert","length","20","10","751789500"
"Postgres","insert","length","20","10","767136600"
"Postgres","insert","length","20","10","638811000"
"Postgres","insert","length","20","10","672799000"
"Postgres","insert","length","20","10","656188600"
"Postgres","insert","length","20","10","693187300"
"Postgres","insert","length","20","10","817700300"
"Postgres","insert","length","20","10","660074000"
"Postgres","insert","length","20","10","699499500"
"Postgres","insert","length","20","10","705314100"
"Postgres","insert","length","20","10","680121500"
"Postgres","insert","length","20","10","701188300"
"Postgres","insert","length","20","10","642544700"
"Postgres","insert","length","20","10","719048900"
"Postgres","insert","length","20","10","681237100"
"Postgres","insert","length","20","10","629359600"
"Mongo","size","length","20","10","","0","0"
"Postgres","size","length","20","10","","1170612224"
"Postgres","insert","length","30","10","694234400"
"Postgres","insert","length","30","10","667419000"
"Postgres","insert","length","30","10","650280300"
"Postgres","insert","length","30","10","673078300"
"Postgres","insert","length","30","10","688714700"
"Postgres","insert","length","30","10","639447600"
"Postgres","insert","length","30","10","715206000"
"Postgres","insert","length","30","10","683518200"
"Postgres","insert","length","30","10","756460600"
"Postgres","insert","length","30","10","672593100"
"Postgres","insert","length","30","10","711364400"
"Postgres","insert","length","30","10","642788200"
"Postgres","insert","length","30","10","719304600"
"Postgres","insert","length","30","10","663561800"
"Postgres","insert","length","30","10","666384700"
"Postgres","insert","length","30","10","681368200"
"Postgres","insert","length","30","10","743403600"
"Postgres","insert","length","30","10","740800700"
"Postgres","insert","length","30","10","688067900"
"Postgres","insert","length","30","10","662319400"
"Postgres","insert","length","30","10","648867900"
"Postgres","insert","length","30","10","771769400"
"Postgres","insert","length","30","10","690775700"
"Postgres","insert","length","30","10","756542600"
"Postgres","insert","length","30","10","634699600"
"Postgres","insert","length","30","10","704588900"
"Postgres","insert","length","30","10","659086400"
"Postgres","insert","length","30","10","677592200"
"Postgres","insert","length","30","10","673700600"
"Postgres","insert","length","30","10","695636600"
"Postgres","insert","length","30","10","756125600"
"Postgres","insert","length","30","10","630848200"
"Postgres","insert","length","30","10","619984800"
"Postgres","insert","length","30","10","725636500"
"Postgres","insert","length","30","10","643151400"
"Postgres","insert","length","30","10","719980100"
"Postgres","insert","length","30","10","712948900"
"Postgres","insert","length","30","10","682832500"
"Postgres","insert","length","30","10","716085900"
"Postgres","insert","length","30","10","637273700"
"Postgres","insert","length","30","10","723861400"
"Postgres","insert","length","30","10","770141200"
"Postgres","insert","length","30","10","623887700"
"Postgres","insert","length","30","10","753534700"
"Postgres","insert","length","30","10","630830200"
"Postgres","insert","length","30","10","627265600"
"Postgres","insert","length","30","10","762130000"
"Postgres","insert","length","30","10","681859500"
"Postgres","insert","length","30","10","631364100"
"Postgres","insert","length","30","10","751511300"
"Postgres","insert","length","30","10","695914800"
"Postgres","insert","length","30","10","670185000"
"Postgres","insert","length","30","10","711648500"
"Postgres","insert","length","30","10","745375600"
"Postgres","insert","length","30","10","757515500"
"Postgres","insert","length","30","10","692028900"
"Postgres","insert","length","30","10","694415500"
"Postgres","insert","length","30","10","687516100"
"Postgres","insert","length","30","10","709871300"
"Postgres","insert","length","30","10","741072200"
"Postgres","insert","length","30","10","637492200"
"Postgres","insert","length","30","10","713267800"
"Postgres","insert","length","30","10","648709800"
"Postgres","insert","length","30","10","742202100"
"Postgres","insert","length","30","10","700505100"
"Postgres","insert","length","30","10","711093300"
"Postgres","insert","length","30","10","711164700"
"Postgres","insert","length","30","10","733684800"
"Postgres","insert","length","30","10","661473900"
"Postgres","insert","length","30","10","665799700"
"Postgres","insert","length","30","10","692950400"
"Postgres","insert","length","30","10","724902400"
"Postgres","insert","length","30","10","733429200"
"Postgres","insert","length","30","10","636058800"
"Postgres","insert","length","30","10","719608200"
"Postgres","insert","length","30","10","664341400"
"Postgres","insert","length","30","10","716452000"
"Postgres","insert","length","30","10","609947800"
"Postgres","insert","length","30","10","780679700"
"Postgres","insert","length","30","10","729139700"
"Postgres","insert","length","30","10","642835300"
"Postgres","insert","length","30","10","676477200"
"Postgres","insert","length","30","10","655557600"
"Postgres","insert","length","30","10","622567400"
"Postgres","insert","length","30","10","714371800"
"Postgres","insert","length","30","10","677282800"
"Postgres","insert","length","30","10","629799000"
"Postgres","insert","length","30","10","646456600"
"Postgres","insert","length","30","10","719401100"
"Postgres","insert","length","30","10","722890100"
"Postgres","insert","length","30","10","733587700"
"Postgres","insert","length","30","10","1071020600"
"Postgres","insert","length","30","10","676692200"
"Postgres","insert","length","30","10","698842200"
"Postgres","insert","length","30","10","697741400"
"Postgres","insert","length","30","10","798084600"
"Postgres","insert","length","30","10","897212100"
"Postgres","insert","length","30","10","837181500"
"Postgres","insert","length","30","10","659346700"
"Postgres","insert","length","30","10","691338200"
"Mongo","size","length","30","10","","0","0"
"Postgres","size","length","30","10","","1170612224"
"Postgres","insert","length","40","10","661429500"
"Postgres","insert","length","40","10","682654600"
"Postgres","insert","length","40","10","630676200"
"Postgres","insert","length","40","10","629890800"
"Postgres","insert","length","40","10","622721200"
"Postgres","insert","length","40","10","637603300"
"Postgres","insert","length","40","10","649517800"
"Postgres","insert","length","40","10","750996700"
"Postgres","insert","length","40","10","650557600"
"Postgres","insert","length","40","10","670703100"
"Postgres","insert","length","40","10","634328600"
"Postgres","insert","length","40","10","694607900"
"Postgres","insert","length","40","10","683232700"
"Postgres","insert","length","40","10","666959400"
"Postgres","insert","length","40","10","694722200"
"Postgres","insert","length","40","10","680330000"
"Postgres","insert","length","40","10","631403200"
"Postgres","insert","length","40","10","642991900"
"Postgres","insert","length","40","10","678166300"
"Postgres","insert","length","40","10","639229900"
"Postgres","insert","length","40","10","637838700"
"Postgres","insert","length","40","10","713905200"
"Postgres","insert","length","40","10","789656800"
"Postgres","insert","length","40","10","694038800"
"Postgres","insert","length","40","10","721171700"
"Postgres","insert","length","40","10","661436800"
"Postgres","insert","length","40","10","688280200"
"Postgres","insert","length","40","10","626235800"
"Postgres","insert","length","40","10","698336000"
"Postgres","insert","length","40","10","701693600"
"Postgres","insert","length","40","10","701550600"
"Postgres","insert","length","40","10","722558600"
"Postgres","insert","length","40","10","642226900"
"Postgres","insert","length","40","10","696677100"
"Postgres","insert","length","40","10","675042100"
"Postgres","insert","length","40","10","648541600"
"Postgres","insert","length","40","10","739168900"
"Postgres","insert","length","40","10","657461400"
"Postgres","insert","length","40","10","689679000"
"Postgres","insert","length","40","10","760042800"
"Postgres","insert","length","40","10","653129600"
"Postgres","insert","length","40","10","624951300"
"Postgres","insert","length","40","10","675394100"
"Postgres","insert","length","40","10","642689700"
"Postgres","insert","length","40","10","685089300"
"Postgres","insert","length","40","10","876237100"
"Postgres","insert","length","40","10","712997700"
"Postgres","insert","length","40","10","657223200"
"Postgres","insert","length","40","10","631001500"
"Postgres","insert","length","40","10","634383300"
"Postgres","insert","length","40","10","833578900"
"Postgres","insert","length","40","10","718668200"
"Postgres","insert","length","40","10","696781400"
"Postgres","insert","length","40","10","676765500"
"Postgres","insert","length","40","10","717937500"
"Postgres","insert","length","40","10","721248300"
"Postgres","insert","length","40","10","674991500"
"Postgres","insert","length","40","10","651502100"
"Postgres","insert","length","40","10","659932100"
"Postgres","insert","length","40","10","675349300"
"Postgres","insert","length","40","10","655685900"
"Postgres","insert","length","40","10","749661900"
"Postgres","insert","length","40","10","736888300"
"Postgres","insert","length","40","10","757138800"
"Postgres","insert","length","40","10","659982500"
"Postgres","insert","length","40","10","644699700"
"Postgres","insert","length","40","10","726870300"
"Postgres","insert","length","40","10","713490600"
"Postgres","insert","length","40","10","667503100"
"Postgres","insert","length","40","10","706373500"
"Postgres","insert","length","40","10","653210900"
"Postgres","insert","length","40","10","653288800"
"Postgres","insert","length","40","10","717903500"
"Postgres","insert","length","40","10","702001100"
"Postgres","insert","length","40","10","729831300"
"Postgres","insert","length","40","10","663372800"
"Postgres","insert","length","40","10","738684200"
"Postgres","insert","length","40","10","637235200"
"Postgres","insert","length","40","10","645171900"
"Postgres","insert","length","40","10","757020900"
"Postgres","insert","length","40","10","671853600"
"Postgres","insert","length","40","10","708591200"
"Postgres","insert","length","40","10","656161200"
"Postgres","insert","length","40","10","700195000"
"Postgres","insert","length","40","10","636248300"
"Postgres","insert","length","40","10","740197100"
"Postgres","insert","length","40","10","637871900"
"Postgres","insert","length","40","10","688628800"
"Postgres","insert","length","40","10","731621600"
"Postgres","insert","length","40","10","829581000"
"Postgres","insert","length","40","10","899218700"
"Postgres","insert","length","40","10","751143000"
"Postgres","insert","length","40","10","716808900"
"Postgres","insert","length","40","10","714558600"
"Postgres","insert","length","40","10","744228800"
"Postgres","insert","length","40","10","673252300"
"Postgres","insert","length","40","10","709772200"
"Postgres","insert","length","40","10","635887400"
"Postgres","insert","length","40","10","624769900"
"Postgres","insert","length","40","10","637188400"
"Mongo","size","length","40","10","","0","0"
"Postgres","size","length","40","10","","1170612224"
"Postgres","insert","length","50","10","707854800"
"Postgres","insert","length","50","10","805336900"
"Postgres","insert","length","50","10","679622900"
"Postgres","insert","length","50","10","661481400"
"Postgres","insert","length","50","10","701669800"
"Postgres","insert","length","50","10","674716900"
"Postgres","insert","length","50","10","664301200"
"Postgres","insert","length","50","10","621972200"
"Postgres","insert","length","50","10","636148100"
"Postgres","insert","length","50","10","642718100"
"Postgres","insert","length","50","10","754068300"
"Postgres","insert","length","50","10","697699200"
"Postgres","insert","length","50","10","683573900"
"Postgres","insert","length","50","10","679729300"
"Postgres","insert","length","50","10","693413300"
"Postgres","insert","length","50","10","697724400"
"Postgres","insert","length","50","10","844576000"
"Postgres","insert","length","50","10","712143800"
"Postgres","insert","length","50","10","743424400"
"Postgres","insert","length","50","10","623552200"
"Postgres","insert","length","50","10","647306900"
"Postgres","insert","length","50","10","688230200"
"Postgres","insert","length","50","10","763306200"
"Postgres","insert","length","50","10","709997400"
"Postgres","insert","length","50","10","877613800"
"Postgres","insert","length","50","10","899796400"
"Postgres","insert","length","50","10","733260200"
"Postgres","insert","length","50","10","1021985200"
"Postgres","insert","length","50","10","842195900"
"Postgres","insert","length","50","10","758029700"
"Postgres","insert","length","50","10","934226200"
"Postgres","insert","length","50","10","708987800"
"Postgres","insert","length","50","10","851963100"
"Postgres","insert","length","50","10","812974000"
"Postgres","insert","length","50","10","850601000"
"Postgres","insert","length","50","10","817257000"
"Postgres","insert","length","50","10","802483700"
"Postgres","insert","length","50","10","790804700"
"Postgres","insert","length","50","10","690470000"
"Postgres","insert","length","50","10","733921400"
"Postgres","insert","length","50","10","721521000"
"Postgres","insert","length","50","10","646876600"
"Postgres","insert","length","50","10","657642600"
"Postgres","insert","length","50","10","680996400"
"Postgres","insert","length","50","10","662566400"
"Postgres","insert","length","50","10","653079600"
"Postgres","insert","length","50","10","675714400"
"Postgres","insert","length","50","10","660896700"
"Postgres","insert","length","50","10","703556200"
"Postgres","insert","length","50","10","638812400"
"Postgres","insert","length","50","10","688388200"
"Postgres","insert","length","50","10","711798000"
"Postgres","insert","length","50","10","756726100"
"Postgres","insert","length","50","10","824757600"
"Postgres","insert","length","50","10","655542600"
"Postgres","insert","length","50","10","668746400"
"Postgres","insert","length","50","10","627481300"
"Postgres","insert","length","50","10","661359100"
"Postgres","insert","length","50","10","678995900"
"Postgres","insert","length","50","10","687523700"
"Postgres","insert","length","50","10","659891400"
"Postgres","insert","length","50","10","662214500"
"Postgres","insert","length","50","10","791500900"
"Postgres","insert","length","50","10","655221100"
"Postgres","insert","length","50","10","661937500"
"Postgres","insert","length","50","10","661378700"
"Postgres","insert","length","50","10","642422500"
"Postgres","insert","length","50","10","657801400"
"Postgres","insert","length","50","10","656640800"
"Postgres","insert","length","50","10","620796300"
"Postgres","insert","length","50","10","705298400"
"Postgres","insert","length","50","10","653218900"
"Postgres","insert","length","50","10","657007300"
"Postgres","insert","length","50","10","674236100"
"Postgres","insert","length","50","10","656885700"
"Postgres","insert","length","50","10","670276100"
"Postgres","insert","length","50","10","681794900"
"Postgres","insert","length","50","10","642370000"
"Postgres","insert","length","50","10","712094500"
"Postgres","insert","length","50","10","738653900"
"Postgres","insert","length","50","10","671157000"
"Postgres","insert","length","50","10","1073832100"
"Postgres","insert","length","50","10","1055165700"
"Postgres","insert","length","50","10","1182889100"
"Postgres","insert","length","50","10","1071105600"
"Postgres","insert","length","50","10","1021858200"
"Postgres","insert","length","50","10","746641800"
"Postgres","insert","length","50","10","666915800"
"Postgres","insert","length","50","10","773559800"
"Postgres","insert","length","50","10","775654800"
"Postgres","insert","length","50","10","669384700"
"Postgres","insert","length","50","10","706846300"
"Postgres","insert","length","50","10","657989200"
"Postgres","insert","length","50","10","661331300"
"Postgres","insert","length","50","10","673407700"
"Postgres","insert","length","50","10","766273400"
"Postgres","insert","length","50","10","855828100"
"Postgres","insert","length","50","10","1051907900"
"Postgres","insert","length","50","10","832019400"
"Postgres","insert","length","50","10","1191480300"
"Mongo","size","length","50","10","","0","0"
"Postgres","size","length","50","10","","1170612224"
"Postgres","insert","length","60","10","696159200"
"Postgres","insert","length","60","10","662791700"
"Postgres","insert","length","60","10","684098300"
"Postgres","insert","length","60","10","740417300"
"Postgres","insert","length","60","10","725907800"
"Postgres","insert","length","60","10","785281900"
"Postgres","insert","length","60","10","734218200"
"Postgres","insert","length","60","10","714923800"
"Postgres","insert","length","60","10","790157400"
"Postgres","insert","length","60","10","664516200"
"Postgres","insert","length","60","10","696059100"
"Postgres","insert","length","60","10","709213500"
"Postgres","insert","length","60","10","675859800"
"Postgres","insert","length","60","10","763390000"
"Postgres","insert","length","60","10","664592400"
"Postgres","insert","length","60","10","663590000"
"Postgres","insert","length","60","10","670540500"
"Postgres","insert","length","60","10","725928400"
"Postgres","insert","length","60","10","710556000"
"Postgres","insert","length","60","10","723973000"
"Postgres","insert","length","60","10","796217000"
"Postgres","insert","length","60","10","872325000"
"Postgres","insert","length","60","10","900944400"
"Postgres","insert","length","60","10","898725600"
"Postgres","insert","length","60","10","784875400"
"Postgres","insert","length","60","10","649125700"
"Postgres","insert","length","60","10","658079900"
"Postgres","insert","length","60","10","689461400"
"Postgres","insert","length","60","10","708304800"
"Postgres","insert","length","60","10","749821400"
"Postgres","insert","length","60","10","654813500"
"Postgres","insert","length","60","10","780759900"
"Postgres","insert","length","60","10","834487200"
"Postgres","insert","length","60","10","663124200"
"Postgres","insert","length","60","10","770519000"
"Postgres","insert","length","60","10","724882800"
"Postgres","insert","length","60","10","702363100"
"Postgres","insert","length","60","10","662821600"
"Postgres","insert","length","60","10","702565800"
"Postgres","insert","length","60","10","655030100"
"Postgres","insert","length","60","10","654312700"
"Postgres","insert","length","60","10","687841600"
"Postgres","insert","length","60","10","653329900"
"Postgres","insert","length","60","10","685589100"
"Postgres","insert","length","60","10","702683700"
"Postgres","insert","length","60","10","720263900"
"Postgres","insert","length","60","10","702271500"
"Postgres","insert","length","60","10","681384700"
"Postgres","insert","length","60","10","669587800"
"Postgres","insert","length","60","10","708731700"
"Postgres","insert","length","60","10","757147100"
"Postgres","insert","length","60","10","716587200"
"Postgres","insert","length","60","10","765190100"
"Postgres","insert","length","60","10","673498200"
"Postgres","insert","length","60","10","685218300"
"Postgres","insert","length","60","10","705600800"
"Postgres","insert","length","60","10","745512900"
"Postgres","insert","length","60","10","869394500"
"Postgres","insert","length","60","10","664700900"
"Postgres","insert","length","60","10","668525000"
"Postgres","insert","length","60","10","643556500"
"Postgres","insert","length","60","10","675041900"
"Postgres","insert","length","60","10","669858400"
"Postgres","insert","length","60","10","736154000"
"Postgres","insert","length","60","10","697038200"
"Postgres","insert","length","60","10","697284700"
"Postgres","insert","length","60","10","695326800"
"Postgres","insert","length","60","10","670222200"
"Postgres","insert","length","60","10","751032100"
"Postgres","insert","length","60","10","699335900"
"Postgres","insert","length","60","10","771982400"
"Postgres","insert","length","60","10","723528400"
"Postgres","insert","length","60","10","684279300"
"Postgres","insert","length","60","10","777956000"
"Postgres","insert","length","60","10","694534200"
"Postgres","insert","length","60","10","693058800"
"Postgres","insert","length","60","10","699899500"
"Postgres","insert","length","60","10","732567700"
"Postgres","insert","length","60","10","774064600"
"Postgres","insert","length","60","10","773570600"
"Postgres","insert","length","60","10","844052100"
"Postgres","insert","length","60","10","737695500"
"Postgres","insert","length","60","10","777816800"
"Postgres","insert","length","60","10","671396800"
"Postgres","insert","length","60","10","738754800"
"Postgres","insert","length","60","10","739474500"
"Postgres","insert","length","60","10","792368700"
"Postgres","insert","length","60","10","802030200"
"Postgres","insert","length","60","10","752828400"
"Postgres","insert","length","60","10","768935100"
"Postgres","insert","length","60","10","775529500"
"Postgres","insert","length","60","10","823567300"
"Postgres","insert","length","60","10","777807800"
"Postgres","insert","length","60","10","670067200"
"Postgres","insert","length","60","10","693756500"
"Postgres","insert","length","60","10","779247200"
"Postgres","insert","length","60","10","675641500"
"Postgres","insert","length","60","10","780094100"
"Postgres","insert","length","60","10","932797300"
"Postgres","insert","length","60","10","766513700"
"Mongo","size","length","60","10","","0","0"
"Postgres","size","length","60","10","","1170612224"
"Postgres","insert","length","70","10","961118000"
"Postgres","insert","length","70","10","729632900"
"Postgres","insert","length","70","10","687597500"
"Postgres","insert","length","70","10","743093500"
"Postgres","insert","length","70","10","709643400"
"Postgres","insert","length","70","10","707110600"
"Postgres","insert","length","70","10","641723000"
"Postgres","insert","length","70","10","683339800"
"Postgres","insert","length","70","10","701640100"
"Postgres","insert","length","70","10","699186900"
"Postgres","insert","length","70","10","744633400"
"Postgres","insert","length","70","10","705907600"
"Postgres","insert","length","70","10","705420100"
"Postgres","insert","length","70","10","677925300"
"Postgres","insert","length","70","10","739199700"
"Postgres","insert","length","70","10","703665700"
"Postgres","insert","length","70","10","729593300"
"Postgres","insert","length","70","10","703892000"
"Postgres","insert","length","70","10","692960000"
"Postgres","insert","length","70","10","785445600"
"Postgres","insert","length","70","10","734319600"
"Postgres","insert","length","70","10","790960900"
"Postgres","insert","length","70","10","714828500"
"Postgres","insert","length","70","10","687675600"
"Postgres","insert","length","70","10","690715600"
"Postgres","insert","length","70","10","878000400"
"Postgres","insert","length","70","10","766448200"
"Postgres","insert","length","70","10","746112000"
"Postgres","insert","length","70","10","758461700"
"Postgres","insert","length","70","10","713000700"
"Postgres","insert","length","70","10","745151500"
"Postgres","insert","length","70","10","672803800"
"Postgres","insert","length","70","10","720863600"
"Postgres","insert","length","70","10","721379500"
"Postgres","insert","length","70","10","861518900"
"Postgres","insert","length","70","10","723082100"
"Postgres","insert","length","70","10","707472700"
"Postgres","insert","length","70","10","681839700"
"Postgres","insert","length","70","10","737926300"
"Postgres","insert","length","70","10","726013600"
"Postgres","insert","length","70","10","751148900"
"Postgres","insert","length","70","10","697271800"
"Postgres","insert","length","70","10","681353700"
"Postgres","insert","length","70","10","689107000"
"Postgres","insert","length","70","10","719103000"
"Postgres","insert","length","70","10","708391300"
"Postgres","insert","length","70","10","682792900"
"Postgres","insert","length","70","10","675510900"
"Postgres","insert","length","70","10","654790500"
"Postgres","insert","length","70","10","640767300"
"Postgres","insert","length","70","10","663140800"
"Postgres","insert","length","70","10","647003700"
"Postgres","insert","length","70","10","691187500"
"Postgres","insert","length","70","10","646381900"
"Postgres","insert","length","70","10","681880100"
"Postgres","insert","length","70","10","645334300"
"Postgres","insert","length","70","10","732342200"
"Postgres","insert","length","70","10","722756600"
"Postgres","insert","length","70","10","666886700"
"Postgres","insert","length","70","10","695787400"
"Postgres","insert","length","70","10","763303400"
"Postgres","insert","length","70","10","675299400"
"Postgres","insert","length","70","10","709999600"
"Postgres","insert","length","70","10","660564800"
"Postgres","insert","length","70","10","714410300"
"Postgres","insert","length","70","10","709922100"
"Postgres","insert","length","70","10","662191100"
"Postgres","insert","length","70","10","682569300"
"Postgres","insert","length","70","10","734670600"
"Postgres","insert","length","70","10","834633600"
"Postgres","insert","length","70","10","904971000"
"Postgres","insert","length","70","10","877220000"
"Postgres","insert","length","70","10","875432900"
"Postgres","insert","length","70","10","694445400"
"Postgres","insert","length","70","10","717016700"
"Postgres","insert","length","70","10","714296800"
"Postgres","insert","length","70","10","715566900"
"Postgres","insert","length","70","10","707131400"
"Postgres","insert","length","70","10","731410900"
"Postgres","insert","length","70","10","678658600"
"Postgres","insert","length","70","10","720593300"
"Postgres","insert","length","70","10","668846300"
"Postgres","insert","length","70","10","714896100"
"Postgres","insert","length","70","10","726918000"
"Postgres","insert","length","70","10","718286900"
"Postgres","insert","length","70","10","706341900"
"Postgres","insert","length","70","10","632607600"
"Postgres","insert","length","70","10","939301300"
"Postgres","insert","length","70","10","739679800"
"Postgres","insert","length","70","10","711162100"
"Postgres","insert","length","70","10","678449200"
"Postgres","insert","length","70","10","687861100"
"Postgres","insert","length","70","10","713755700"
"Postgres","insert","length","70","10","2007864700"
"Postgres","insert","length","70","10","661397200"
"Postgres","insert","length","70","10","750987200"
"Postgres","insert","length","70","10","670422400"
"Postgres","insert","length","70","10","718352200"
"Postgres","insert","length","70","10","698551100"
"Postgres","insert","length","70","10","718426900"
"Mongo","size","length","70","10","","0","0"
"Postgres","size","length","70","10","","1170612224"
"Postgres","insert","length","80","10","690855500"
"Postgres","insert","length","80","10","713759600"
"Postgres","insert","length","80","10","688209100"
"Postgres","insert","length","80","10","613275000"
"Postgres","insert","length","80","10","752977900"
"Postgres","insert","length","80","10","754439400"
"Postgres","insert","length","80","10","731568700"
"Postgres","insert","length","80","10","745706100"
"Postgres","insert","length","80","10","727012600"
"Postgres","insert","length","80","10","715332600"
"Postgres","insert","length","80","10","729318400"
"Postgres","insert","length","80","10","781317600"
"Postgres","insert","length","80","10","775275300"
"Postgres","insert","length","80","10","711208800"
"Postgres","insert","length","80","10","725539900"
"Postgres","insert","length","80","10","736599100"
"Postgres","insert","length","80","10","655048000"
"Postgres","insert","length","80","10","721495000"
"Postgres","insert","length","80","10","783127200"
"Postgres","insert","length","80","10","738020900"
"Postgres","insert","length","80","10","719243700"
"Postgres","insert","length","80","10","668265100"
"Postgres","insert","length","80","10","733955000"
"Postgres","insert","length","80","10","717820800"
"Postgres","insert","length","80","10","668611500"
"Postgres","insert","length","80","10","731640200"
"Postgres","insert","length","80","10","729605600"
"Postgres","insert","length","80","10","730470000"
"Postgres","insert","length","80","10","1254972400"
"Postgres","insert","length","80","10","1172580100"
"Postgres","insert","length","80","10","980187900"
"Postgres","insert","length","80","10","980380500"
"Postgres","insert","length","80","10","1334185900"
"Postgres","insert","length","80","10","758701200"
"Postgres","insert","length","80","10","1288746500"
"Postgres","insert","length","80","10","1552864700"
"Postgres","insert","length","80","10","1199931100"
"Postgres","insert","length","80","10","737004900"
"Postgres","insert","length","80","10","783175800"
"Postgres","insert","length","80","10","701434800"
"Postgres","insert","length","80","10","759522900"
"Postgres","insert","length","80","10","763011300"
"Postgres","insert","length","80","10","790772900"
"Postgres","insert","length","80","10","696205200"
"Postgres","insert","length","80","10","717153900"
"Postgres","insert","length","80","10","726981900"
"Postgres","insert","length","80","10","738548400"
"Postgres","insert","length","80","10","726823300"
"Postgres","insert","length","80","10","675668800"
"Postgres","insert","length","80","10","694770700"
"Postgres","insert","length","80","10","657259800"
"Postgres","insert","length","80","10","791459400"
"Postgres","insert","length","80","10","721330900"
"Postgres","insert","length","80","10","751970200"
"Postgres","insert","length","80","10","724573000"
"Postgres","insert","length","80","10","796424000"
"Postgres","insert","length","80","10","697977200"
"Postgres","insert","length","80","10","734510600"
"Postgres","insert","length","80","10","675028800"
"Postgres","insert","length","80","10","738960500"
"Postgres","insert","length","80","10","739923400"
"Postgres","insert","length","80","10","742824100"
"Postgres","insert","length","80","10","715653100"
"Postgres","insert","length","80","10","703451500"
"Postgres","insert","length","80","10","740141100"
"Postgres","insert","length","80","10","684447300"
"Postgres","insert","length","80","10","723787400"
"Postgres","insert","length","80","10","735482500"
"Postgres","insert","length","80","10","723081000"
"Postgres","insert","length","80","10","674325700"
"Postgres","insert","length","80","10","723723800"
"Postgres","insert","length","80","10","736339900"
"Postgres","insert","length","80","10","718371600"
"Postgres","insert","length","80","10","755056900"
"Postgres","insert","length","80","10","762175300"
"Postgres","insert","length","80","10","678781600"
"Postgres","insert","length","80","10","721606700"
"Postgres","insert","length","80","10","749621600"
"Postgres","insert","length","80","10","749145000"
"Postgres","insert","length","80","10","724627300"
"Postgres","insert","length","80","10","650871200"
"Postgres","insert","length","80","10","717271500"
"Postgres","insert","length","80","10","697076000"
"Postgres","insert","length","80","10","650839900"
"Postgres","insert","length","80","10","741850300"
"Postgres","insert","length","80","10","720266300"
"Postgres","insert","length","80","10","736792500"
"Postgres","insert","length","80","10","754595600"
"Postgres","insert","length","80","10","771642000"
"Postgres","insert","length","80","10","688892300"
"Postgres","insert","length","80","10","682957400"
"Postgres","insert","length","80","10","684091500"
"Postgres","insert","length","80","10","738222100"
"Postgres","insert","length","80","10","682195100"
"Postgres","insert","length","80","10","677764700"
"Postgres","insert","length","80","10","716047400"
"Postgres","insert","length","80","10","666039900"
"Postgres","insert","length","80","10","648542500"
"Postgres","insert","length","80","10","735883700"
"Postgres","insert","length","80","10","716308600"
"Mongo","size","length","80","10","","0","0"
"Postgres","size","length","80","10","","1170612224"
"Postgres","insert","length","90","10","709362500"
"Postgres","insert","length","90","10","670989500"
"Postgres","insert","length","90","10","744144600"
"Postgres","insert","length","90","10","666167300"
"Postgres","insert","length","90","10","640162800"
"Postgres","insert","length","90","10","812156300"
"Postgres","insert","length","90","10","708768800"
"Postgres","insert","length","90","10","729682000"
"Postgres","insert","length","90","10","701668900"
"Postgres","insert","length","90","10","729846100"
"Postgres","insert","length","90","10","782514100"
"Postgres","insert","length","90","10","687337800"
"Postgres","insert","length","90","10","700518500"
"Postgres","insert","length","90","10","928086000"
"Postgres","insert","length","90","10","872166100"
"Postgres","insert","length","90","10","931466600"
"Postgres","insert","length","90","10","828416600"
"Postgres","insert","length","90","10","756089700"
"Postgres","insert","length","90","10","710102900"
"Postgres","insert","length","90","10","754424300"
"Postgres","insert","length","90","10","730253700"
"Postgres","insert","length","90","10","749434500"
"Postgres","insert","length","90","10","640575100"
"Postgres","insert","length","90","10","756932900"
"Postgres","insert","length","90","10","833870900"
"Postgres","insert","length","90","10","717935800"
"Postgres","insert","length","90","10","644480700"
"Postgres","insert","length","90","10","705334300"
"Postgres","insert","length","90","10","695450100"
"Postgres","insert","length","90","10","709977000"
"Postgres","insert","length","90","10","760741100"
"Postgres","insert","length","90","10","780413100"
"Postgres","insert","length","90","10","639921400"
"Postgres","insert","length","90","10","671717800"
"Postgres","insert","length","90","10","726359400"
"Postgres","insert","length","90","10","720889000"
"Postgres","insert","length","90","10","650213400"
"Postgres","insert","length","90","10","753105000"
"Postgres","insert","length","90","10","771692700"
"Postgres","insert","length","90","10","760043800"
"Postgres","insert","length","90","10","798389700"
"Postgres","insert","length","90","10","784842900"
"Postgres","insert","length","90","10","724170100"
"Postgres","insert","length","90","10","785378500"
"Postgres","insert","length","90","10","758777800"
"Postgres","insert","length","90","10","746424300"
"Postgres","insert","length","90","10","658605400"
"Postgres","insert","length","90","10","751335300"
"Postgres","insert","length","90","10","748649100"
"Postgres","insert","length","90","10","654472500"
"Postgres","insert","length","90","10","711754900"
"Postgres","insert","length","90","10","754462900"
"Postgres","insert","length","90","10","755205600"
"Postgres","insert","length","90","10","765179900"
"Postgres","insert","length","90","10","710695300"
"Postgres","insert","length","90","10","757539900"
"Postgres","insert","length","90","10","734140900"
"Postgres","insert","length","90","10","651923200"
"Postgres","insert","length","90","10","716631600"
"Postgres","insert","length","90","10","758110700"
"Postgres","insert","length","90","10","751630900"
"Postgres","insert","length","90","10","715144800"
"Postgres","insert","length","90","10","663844600"
"Postgres","insert","length","90","10","745352900"
"Postgres","insert","length","90","10","630626200"
"Postgres","insert","length","90","10","696765400"
"Postgres","insert","length","90","10","755968900"
"Postgres","insert","length","90","10","733846600"
"Postgres","insert","length","90","10","684645500"
"Postgres","insert","length","90","10","749052600"
"Postgres","insert","length","90","10","728188100"
"Postgres","insert","length","90","10","767010400"
"Postgres","insert","length","90","10","756003600"
"Postgres","insert","length","90","10","718074600"
"Postgres","insert","length","90","10","752640900"
"Postgres","insert","length","90","10","705789100"
"Postgres","insert","length","90","10","759828400"
"Postgres","insert","length","90","10","750731500"
"Postgres","insert","length","90","10","731104500"
"Postgres","insert","length","90","10","730966400"
"Postgres","insert","length","90","10","719266800"
"Postgres","insert","length","90","10","693597000"
"Postgres","insert","length","90","10","697800500"
"Postgres","insert","length","90","10","733566900"
"Postgres","insert","length","90","10","761330900"
"Postgres","insert","length","90","10","752206300"
"Postgres","insert","length","90","10","689720200"
"Postgres","insert","length","90","10","864431600"
"Postgres","insert","length","90","10","712595200"
"Postgres","insert","length","90","10","674961400"
"Postgres","insert","length","90","10","742002900"
"Postgres","insert","length","90","10","724326600"
"Postgres","insert","length","90","10","757666400"
"Postgres","insert","length","90","10","676181800"
"Postgres","insert","length","90","10","663214800"
"Postgres","insert","length","90","10","729126600"
"Postgres","insert","length","90","10","703867500"
"Postgres","insert","length","90","10","678840600"
"Postgres","insert","length","90","10","737853000"
"Postgres","insert","length","90","10","735986800"
"Mongo","size","length","90","10","","0","0"
"Postgres","size","length","90","10","","1365696512"
"Postgres","insert","length","95","10","800829200"
"Postgres","insert","length","95","10","632384000"
"Postgres","insert","length","95","10","770243200"
"Postgres","insert","length","95","10","655692200"
"Postgres","insert","length","95","10","670891200"
"Postgres","insert","length","95","10","661581800"
"Postgres","insert","length","95","10","763432800"
"Postgres","insert","length","95","10","744617100"
"Postgres","insert","length","95","10","742955600"
"Postgres","insert","length","95","10","676262700"
"Postgres","insert","length","95","10","649867800"
"Postgres","insert","length","95","10","655767400"
"Postgres","insert","length","95","10","743324900"
"Postgres","insert","length","95","10","725718100"
"Postgres","insert","length","95","10","743678100"
"Postgres","insert","length","95","10","843534200"
"Postgres","insert","length","95","10","755368800"
"Postgres","insert","length","95","10","681506100"
"Postgres","insert","length","95","10","746429100"
"Postgres","insert","length","95","10","693246200"
"Postgres","insert","length","95","10","696126700"
"Postgres","insert","length","95","10","652400500"
"Postgres","insert","length","95","10","625777300"
"Postgres","insert","length","95","10","719087800"
"Postgres","insert","length","95","10","723838100"
"Postgres","insert","length","95","10","744658900"
"Postgres","insert","length","95","10","656156700"
"Postgres","insert","length","95","10","732541000"
"Postgres","insert","length","95","10","762324600"
"Postgres","insert","length","95","10","683610800"
"Postgres","insert","length","95","10","778314800"
"Postgres","insert","length","95","10","640727200"
"Postgres","insert","length","95","10","693930200"
"Postgres","insert","length","95","10","681119700"
"Postgres","insert","length","95","10","755404900"
"Postgres","insert","length","95","10","771680200"
"Postgres","insert","length","95","10","760470300"
"Postgres","insert","length","95","10","869207100"
"Postgres","insert","length","95","10","743232200"
"Postgres","insert","length","95","10","741724100"
"Postgres","insert","length","95","10","712016500"
"Postgres","insert","length","95","10","730112300"
"Postgres","insert","length","95","10","707417300"
"Postgres","insert","length","95","10","750969800"
"Postgres","insert","length","95","10","692301600"
"Postgres","insert","length","95","10","730703600"
"Postgres","insert","length","95","10","788594900"
"Postgres","insert","length","95","10","783354300"
"Postgres","insert","length","95","10","750822300"
"Postgres","insert","length","95","10","727746400"
"Postgres","insert","length","95","10","740859600"
"Postgres","insert","length","95","10","672356800"
"Postgres","insert","length","95","10","752463500"
"Postgres","insert","length","95","10","738247200"
"Postgres","insert","length","95","10","705591800"
"Postgres","insert","length","95","10","786663800"
"Postgres","insert","length","95","10","737592100"
"Postgres","insert","length","95","10","925491800"
"Postgres","insert","length","95","10","868759400"
"Postgres","insert","length","95","10","698098500"
"Postgres","insert","length","95","10","718292300"
"Postgres","insert","length","95","10","683531200"
"Postgres","insert","length","95","10","751518500"
"Postgres","insert","length","95","10","742407200"
"Postgres","insert","length","95","10","701919500"
"Postgres","insert","length","95","10","804286600"
"Postgres","insert","length","95","10","646200700"
"Postgres","insert","length","95","10","878766600"
"Postgres","insert","length","95","10","847220300"
"Postgres","insert","length","95","10","877130100"
"Postgres","insert","length","95","10","928759000"
"Postgres","insert","length","95","10","1044376400"
"Postgres","insert","length","95","10","856553300"
"Postgres","insert","length","95","10","716796800"
"Postgres","insert","length","95","10","728119900"
"Postgres","insert","length","95","10","646716300"
"Postgres","insert","length","95","10","749026900"
"Postgres","insert","length","95","10","682125800"
"Postgres","insert","length","95","10","713833500"
"Postgres","insert","length","95","10","690224400"
"Postgres","insert","length","95","10","781389000"
"Postgres","insert","length","95","10","671815900"
"Postgres","insert","length","95","10","649625300"
"Postgres","insert","length","95","10","646658900"
"Postgres","insert","length","95","10","677283300"
"Postgres","insert","length","95","10","847739500"
"Postgres","insert","length","95","10","758037800"
"Postgres","insert","length","95","10","731317100"
"Postgres","insert","length","95","10","722927800"
"Postgres","insert","length","95","10","766924400"
"Postgres","insert","length","95","10","746389300"
"Postgres","insert","length","95","10","678111400"
"Postgres","insert","length","95","10","700978800"
"Postgres","insert","length","95","10","759714300"
"Postgres","insert","length","95","10","661346500"
"Postgres","insert","length","95","10","703304200"
"Postgres","insert","length","95","10","785184000"
"Postgres","insert","length","95","10","771106600"
"Postgres","insert","length","95","10","712281300"
"Postgres","insert","length","95","10","701566900"
"Mongo","size","length","95","10","","0","0"
"Postgres","size","length","95","10","","1365696512"
